{
  "created_utc": "2025-09-07T19:48:38.573159+00:00",
  "ship": {
    "cell": "N13", 
    "course_deg": 90,
    "speed_kts": 20,
    "pos": {
      "x": 13.111111111111128,
      "y": 12.0
    }
  },
  "contacts": []
}
